1st Test,2nd Test,3rd Test,4th Test,5th Test,Mean,Enemy Number,Run number,Type
78.4000000000002,78.4000000000002,78.4000000000002,78.4000000000002,78.4000000000002,78.4000000000002,8,0,Fixed Structure
